高度_km,马赫数,静态温度_K,静态温度_C,静态压力_Pa,静态压力_kPa,静态压力_atm,密度_kg_m3,声速_m_s,飞行速度_m_s,飞行速度_km_h,总温_K,总温_C,总压_Pa,总压_kPa,总压_atm,动压_Pa,动压_kPa,动力粘度_Pa_s,运动粘度_m2_s,雷诺数_m
0.0,0.1,288.15,15.0,101325.0,101.325,1.0,1.225004,340.2935,34.0293,122.5057,288.7263,15.5763,102036.05,102.036,1.007018,709.27,0.7093,1.789e-05,1.46065e-05,2329745.3
0.0,0.3,288.15,15.0,101325.0,101.325,1.0,1.225004,340.2935,102.088,367.517,293.3367,20.1867,107853.4,107.8534,1.06443,6383.47,6.3835,1.789e-05,1.46065e-05,6989235.9
0.0,0.5,288.15,15.0,101325.0,101.325,1.0,1.225004,340.2935,170.1467,612.5283,302.5575,29.4075,120193.0,120.193,1.186213,17731.87,17.7319,1.789e-05,1.46065e-05,11648726.49
0.0,0.7,288.15,15.0,101325.0,101.325,1.0,1.225004,340.2935,238.2054,857.5396,316.3887,43.2387,140548.04,140.548,1.387101,34754.47,34.7545,1.789e-05,1.46065e-05,16308217.09
0.0,0.85,288.15,15.0,101325.0,101.325,1.0,1.225004,340.2935,289.2495,1041.298,329.7877,56.6377,162506.94,162.5069,1.603819,51245.12,51.2451,1.789e-05,1.46065e-05,19802835.04
0.0,0.95,288.15,15.0,101325.0,101.325,1.0,1.225004,340.2935,323.2788,1163.8037,340.1611,67.0111,181112.15,181.1121,1.787438,64012.07,64.0121,1.789e-05,1.46065e-05,22132580.34
0.0,1.0,288.15,15.0,101325.0,101.325,1.0,1.225004,340.2935,340.2935,1225.0565,345.78,72.63,191801.05,191.801,1.892929,70927.5,70.9275,1.789e-05,1.46065e-05,23297452.99
0.0,1.2,288.15,15.0,101325.0,101.325,1.0,1.225004,340.2935,408.3522,1470.0678,371.1372,97.9872,245709.6,245.7096,2.424965,102135.6,102.1356,1.789e-05,1.46065e-05,27956943.58
0.0,1.5,288.15,15.0,101325.0,101.325,1.0,1.225004,340.2935,510.4402,1837.5848,417.8175,144.6675,371967.18,371.9672,3.671031,159586.87,159.5869,1.789e-05,1.46065e-05,34946179.48
0.0,2.0,288.15,15.0,101325.0,101.325,1.0,1.225004,340.2935,680.5869,2450.113,518.67,245.52,792812.3,792.8123,7.824449,283710.0,283.71,1.789e-05,1.46065e-05,46594905.97
0.0,2.5,288.15,15.0,101325.0,101.325,1.0,1.225004,340.2935,850.7337,3062.6413,648.3375,375.1875,1731232.62,1731.2326,17.085938,443296.87,443.2969,1.789e-05,1.46065e-05,58243632.47
0.0,3.0,288.15,15.0,101325.0,101.325,1.0,1.225004,340.2935,1020.8804,3675.1695,806.82,533.67,3721943.04,3721.943,36.732722,638347.5,638.3475,1.789e-05,1.46065e-05,69892358.96
0.0,4.0,288.15,15.0,101325.0,101.325,1.0,1.225004,340.2935,1361.1739,4900.226,1210.23,937.08,15384703.43,15384.7034,151.835218,1134840.0,1134.84,1.789e-05,1.46065e-05,93189811.95
0.0,5.0,288.15,15.0,101325.0,101.325,1.0,1.225004,340.2935,1701.4674,6125.2825,1728.9,1455.75,53610022.41,53610.0224,529.089784,1773187.5,1773.1875,1.789e-05,1.46065e-05,116487264.93
0.0,6.0,288.15,15.0,101325.0,101.325,1.0,1.225004,340.2935,2041.7608,7350.339,2362.83,2089.68,159979780.2,159979.7802,1578.877673,2553390.0,2553.39,1.789e-05,1.46065e-05,139784717.92
0.0,8.0,288.15,15.0,101325.0,101.325,1.0,1.225004,340.2935,2722.3478,9800.452,3976.47,3703.32,989221199.23,989221.1992,9762.854175,4539360.0,4539.36,1.789e-05,1.46065e-05,186379623.89
0.0,10.0,288.15,15.0,101325.0,101.325,1.0,1.225004,340.2935,3402.9347,12250.565,6051.15,5778.0,4300155335.5,4300155.3355,42439.233511,7092750.0,7092.75,1.789e-05,1.46065e-05,232974529.86
1.0,0.1,281.65,8.5,89874.53,89.8745,0.886993,1.111645,336.4335,33.6433,121.116,282.2133,9.0633,90505.23,90.5052,0.893217,629.12,0.6291,1.758e-05,1.58123e-05,2127672.82
1.0,0.3,281.65,8.5,89874.53,89.8745,0.886993,1.111645,336.4335,100.93,363.3481,286.7197,13.5697,95665.17,95.6652,0.944142,5662.1,5.6621,1.758e-05,1.58123e-05,6383018.47
1.0,0.5,281.65,8.5,89874.53,89.8745,0.886993,1.111645,336.4335,168.2167,605.5802,295.7325,22.5825,106610.3,106.6103,1.052162,15728.04,15.728,1.758e-05,1.58123e-05,10638364.12
1.0,0.7,281.65,8.5,89874.53,89.8745,0.886993,1.111645,336.4335,235.5034,847.8123,309.2517,36.1017,124665.08,124.6651,1.230349,30826.96,30.827,1.758e-05,1.58123e-05,14893709.77
1.0,0.85,281.65,8.5,89874.53,89.8745,0.886993,1.111645,336.4335,285.9684,1029.4864,322.3484,49.1984,144142.46,144.1425,1.422575,45454.04,45.454,1.758e-05,1.58123e-05,18085219.0
1.0,0.95,281.65,8.5,89874.53,89.8745,0.886993,1.111645,336.4335,319.6118,1150.6024,332.4878,59.3378,160645.14,160.6451,1.585444,56778.23,56.7782,1.758e-05,1.58123e-05,20212891.83
1.0,1.0,281.65,8.5,89874.53,89.8745,0.886993,1.111645,336.4335,336.4335,1211.1605,337.98,64.83,170126.12,170.1261,1.679014,62912.17,62.9122,1.758e-05,1.58123e-05,21276728.24
1.0,1.2,281.65,8.5,89874.53,89.8745,0.886993,1.111645,336.4335,403.7202,1453.3926,362.7652,89.6152,217942.61,217.9426,2.150926,90593.53,90.5935,1.758e-05,1.58123e-05,25532073.89
1.0,1.5,281.65,8.5,89874.53,89.8745,0.886993,1.111645,336.4335,504.6502,1816.7407,408.3925,135.2425,329932.15,329.9322,3.256177,141552.39,141.5524,1.758e-05,1.58123e-05,31915092.36
1.0,2.0,281.65,8.5,89874.53,89.8745,0.886993,1.111645,336.4335,672.8669,2422.3209,506.97,233.82,703218.68,703.2187,6.940229,251648.68,251.6487,1.758e-05,1.58123e-05,42553456.48
1.0,2.5,281.65,8.5,89874.53,89.8745,0.886993,1.111645,336.4335,841.0837,3027.9012,633.7125,360.5625,1535590.61,1535.5906,15.155101,393201.07,393.2011,1.758e-05,1.58123e-05,53191820.59
1.0,3.0,281.65,8.5,89874.53,89.8745,0.886993,1.111645,336.4335,1009.3004,3633.4814,788.62,515.47,3301336.12,3301.3361,32.581654,566209.54,566.2095,1.758e-05,1.58123e-05,63830184.71
1.0,4.0,281.65,8.5,89874.53,89.8745,0.886993,1.111645,336.4335,1345.7338,4844.6418,1182.93,909.78,13646118.86,13646.1189,134.676722,1006594.74,1006.5947,1.758e-05,1.58123e-05,85106912.95
1.0,5.0,281.65,8.5,89874.53,89.8745,0.886993,1.111645,336.4335,1682.1673,6055.8023,1689.9,1416.75,47551695.84,47551.6958,469.29875,1572804.28,1572.8043,1.758e-05,1.58123e-05,106383641.19
1.0,6.0,281.65,8.5,89874.53,89.8745,0.886993,1.111645,336.4335,2018.6008,7266.9628,2309.53,2036.38,141900889.17,141900.8892,1400.452891,2264838.16,2264.8382,1.758e-05,1.58123e-05,127660369.43
1.0,8.0,281.65,8.5,89874.53,89.8745,0.886993,1.111645,336.4335,2691.4677,9689.2837,3886.77,3613.62,877431932.85,877431.9328,8659.579895,4026378.96,4026.379,1.758e-05,1.58123e-05,170213825.9
1.0,10.0,281.65,8.5,89874.53,89.8745,0.886993,1.111645,336.4335,3364.3346,12111.6046,5914.65,5641.5,3814206176.03,3814206.176,37643.288192,6291217.12,6291.2171,1.758e-05,1.58123e-05,212767282.38
3.0,0.1,268.65,-4.5,70108.45,70.1084,0.691917,0.909124,328.5774,32.8577,118.2879,269.1873,-3.9627,70600.44,70.6004,0.696772,490.76,0.4908,1.694e-05,1.86294e-05,1763759.77
3.0,0.3,268.65,-4.5,70108.45,70.1084,0.691917,0.909124,328.5774,98.5732,354.8636,273.4857,0.3357,74625.56,74.6256,0.736497,4416.83,4.4168,1.694e-05,1.86294e-05,5291279.3
3.0,0.5,268.65,-4.5,70108.45,70.1084,0.691917,0.909124,328.5774,164.2887,591.4394,282.0825,8.9325,83163.53,83.1635,0.82076,12268.98,12.269,1.694e-05,1.86294e-05,8818798.84
3.0,0.7,268.65,-4.5,70108.45,70.1084,0.691917,0.909124,328.5774,230.0042,828.0151,294.9777,21.8277,97247.52,97.2475,0.959758,24047.2,24.0472,1.694e-05,1.86294e-05,12346318.37
3.0,0.85,268.65,-4.5,70108.45,70.1084,0.691917,0.909124,328.5774,279.2908,1005.4469,307.4699,34.3199,112441.24,112.4412,1.109709,35457.35,35.4573,1.694e-05,1.86294e-05,14991958.02
3.0,0.95,268.65,-4.5,70108.45,70.1084,0.691917,0.909124,328.5774,312.1486,1123.7348,317.1413,43.9913,125314.5,125.3145,1.236758,44291.01,44.291,1.694e-05,1.86294e-05,16755717.79
3.0,1.0,268.65,-4.5,70108.45,70.1084,0.691917,0.909124,328.5774,328.5774,1182.8787,322.38,49.23,132710.33,132.7103,1.309749,49075.91,49.0759,1.694e-05,1.86294e-05,17637597.67
3.0,1.2,268.65,-4.5,70108.45,70.1084,0.691917,0.909124,328.5774,394.2929,1419.4545,346.0212,72.8712,170010.55,170.0106,1.677874,70669.32,70.6693,1.694e-05,1.86294e-05,21165117.21
3.0,1.5,268.65,-4.5,70108.45,70.1084,0.691917,0.909124,328.5774,492.8661,1774.3181,389.5425,116.3925,257370.26,257.3703,2.540047,110420.81,110.4208,1.694e-05,1.86294e-05,26456396.51
3.0,2.0,268.65,-4.5,70108.45,70.1084,0.691917,0.909124,328.5774,657.1549,2365.7575,483.57,210.42,548559.98,548.56,5.413866,196303.66,196.3037,1.694e-05,1.86294e-05,35275195.35
3.0,2.5,268.65,-4.5,70108.45,70.1084,0.691917,0.909124,328.5774,821.4436,2957.1969,604.4625,331.3125,1197868.56,1197.8686,11.822044,306724.46,306.7245,1.694e-05,1.86294e-05,44093994.18
3.0,3.0,268.65,-4.5,70108.45,70.1084,0.691917,0.909124,328.5774,985.7323,3548.6362,752.22,479.07,2575274.13,2575.2741,25.41598,441683.22,441.6832,1.694e-05,1.86294e-05,52912793.02
3.0,4.0,268.65,-4.5,70108.45,70.1084,0.691917,0.909124,328.5774,1314.3097,4731.515,1128.33,855.18,10644931.5,10644.9315,105.057306,785214.62,785.2146,1.694e-05,1.86294e-05,70550390.69
3.0,5.0,268.65,-4.5,70108.45,70.1084,0.691917,0.909124,328.5774,1642.8872,5914.3937,1611.9,1338.75,37093663.77,37093.6638,366.085998,1226897.84,1226.8978,1.694e-05,1.86294e-05,88187988.37
3.0,6.0,268.65,-4.5,70108.45,70.1084,0.691917,0.909124,328.5774,1971.4646,7097.2725,2202.93,1929.78,110692663.6,110692.6636,1092.451652,1766732.9,1766.7329,1.694e-05,1.86294e-05,105825586.04
3.0,8.0,268.65,-4.5,70108.45,70.1084,0.691917,0.909124,328.5774,2628.6194,9463.03,3707.37,3434.22,684458556.57,684458.5566,6755.080746,3140858.48,3140.8585,1.694e-05,1.86294e-05,141100781.39
3.0,10.0,268.65,-4.5,70108.45,70.1084,0.691917,0.909124,328.5774,3285.7743,11828.7875,5641.65,5368.5,2975348805.95,2975348.806,29364.409632,4907591.38,4907.5914,1.694e-05,1.86294e-05,176375976.73
5.0,0.1,255.65,-17.5,54019.79,54.0198,0.533134,0.736116,320.5289,32.0529,115.3904,256.1613,-16.9887,54398.87,54.3989,0.536875,378.14,0.3781,1.628e-05,2.21166e-05,1449265.44
5.0,0.3,255.65,-17.5,54019.79,54.0198,0.533134,0.736116,320.5289,96.1587,346.1712,260.2517,-12.8983,57500.3,57.5003,0.567484,3403.25,3.4032,1.628e-05,2.21166e-05,4347796.32
5.0,0.5,255.65,-17.5,54019.79,54.0198,0.533134,0.736116,320.5289,160.2645,576.952,268.4325,-4.7175,64078.95,64.079,0.63241,9453.46,9.4535,1.628e-05,2.21166e-05,7246327.2
5.0,0.7,255.65,-17.5,54019.79,54.0198,0.533134,0.736116,320.5289,224.3702,807.7328,280.7037,7.5537,74930.92,74.9309,0.739511,18528.79,18.5288,1.628e-05,2.21166e-05,10144858.08
5.0,0.85,255.65,-17.5,54019.79,54.0198,0.533134,0.736116,320.5289,272.4496,980.8185,292.5914,19.4414,86637.95,86.6379,0.85505,27320.51,27.3205,1.628e-05,2.21166e-05,12318756.24
5.0,0.95,255.65,-17.5,54019.79,54.0198,0.533134,0.736116,320.5289,304.5025,1096.2089,301.7948,28.6448,96557.01,96.557,0.952944,34127.0,34.127,1.628e-05,2.21166e-05,13768021.69
5.0,1.0,255.65,-17.5,54019.79,54.0198,0.533134,0.736116,320.5289,320.5289,1153.9041,306.78,33.63,102255.63,102.2556,1.009185,37813.85,37.8138,1.628e-05,2.21166e-05,14492654.41
5.0,1.2,255.65,-17.5,54019.79,54.0198,0.533134,0.736116,320.5289,384.6347,1384.6849,329.2772,56.1272,130996.1,130.9961,1.292831,54451.94,54.4519,1.628e-05,2.21166e-05,17391185.29
5.0,1.5,255.65,-17.5,54019.79,54.0198,0.533134,0.736116,320.5289,480.7934,1730.8561,370.6925,97.5425,198308.29,198.3083,1.957151,85081.16,85.0812,1.628e-05,2.21166e-05,21738981.61
5.0,2.0,255.65,-17.5,54019.79,54.0198,0.533134,0.736116,320.5289,641.0578,2307.8081,460.17,187.02,422675.06,422.6751,4.171478,151255.4,151.2554,1.628e-05,2.21166e-05,28985308.81
5.0,2.5,255.65,-17.5,54019.79,54.0198,0.533134,0.736116,320.5289,801.3223,2884.7602,575.2125,302.0625,922978.67,922.9787,9.109091,236336.56,236.3366,1.628e-05,2.21166e-05,36231636.01
5.0,3.0,255.65,-17.5,54019.79,54.0198,0.533134,0.736116,320.5289,961.5867,3461.7122,715.82,442.67,1984293.74,1984.2937,19.583457,340324.65,340.3246,1.628e-05,2.21166e-05,43477963.22
5.0,4.0,255.65,-17.5,54019.79,54.0198,0.533134,0.736116,320.5289,1282.1156,4615.6163,1073.73,800.58,8202105.85,8202.1058,80.948491,605021.59,605.0216,1.628e-05,2.21166e-05,57970617.62
5.0,5.0,255.65,-17.5,54019.79,54.0198,0.533134,0.736116,320.5289,1602.6445,5769.5204,1533.9,1260.75,28581316.51,28581.3165,282.075663,945346.24,945.3462,1.628e-05,2.21166e-05,72463272.03
5.0,6.0,255.65,-17.5,54019.79,54.0198,0.533134,0.736116,320.5289,1923.1735,6923.4244,2096.33,1823.18,85290632.76,85290.6328,841.753099,1361298.59,1361.2986,1.628e-05,2.21166e-05,86955926.43
5.0,8.0,255.65,-17.5,54019.79,54.0198,0.533134,0.736116,320.5289,2564.2313,9231.2326,3527.97,3254.82,527387285.53,527387.2855,5204.907827,2420086.38,2420.0864,1.628e-05,2.21166e-05,115941235.24
5.0,10.0,255.65,-17.5,54019.79,54.0198,0.533134,0.736116,320.5289,3205.2891,11539.0407,5368.65,5095.5,2292558278.7,2292558.2787,22625.791055,3781384.96,3781.385,1.628e-05,2.21166e-05,144926544.05
8.0,0.1,236.15,-37.0,35599.67,35.5997,0.351341,0.525167,308.0621,30.8062,110.9024,236.6223,-36.5277,35849.49,35.8495,0.353807,249.2,0.2492,1.527e-05,2.90707e-05,1059698.38
8.0,0.3,236.15,-37.0,35599.67,35.5997,0.351341,0.525167,308.0621,92.4186,332.7071,240.4007,-32.7493,37893.37,37.8934,0.373978,2242.78,2.2428,1.527e-05,2.90707e-05,3179095.14
8.0,0.5,236.15,-37.0,35599.67,35.5997,0.351341,0.525167,308.0621,154.0311,554.5118,247.9575,-25.1925,42228.78,42.2288,0.416766,6229.94,6.2299,1.527e-05,2.90707e-05,5298491.9
8.0,0.7,236.15,-37.0,35599.67,35.5997,0.351341,0.525167,308.0621,215.6435,776.3165,259.2927,-13.8573,49380.35,49.3804,0.487346,12210.69,12.2107,1.527e-05,2.90707e-05,7417888.66
8.0,0.85,236.15,-37.0,35599.67,35.5997,0.351341,0.525167,308.0621,261.8528,942.67,270.2737,-2.8763,57095.42,57.0954,0.563488,18004.53,18.0045,1.527e-05,2.90707e-05,9007436.23
8.0,0.95,236.15,-37.0,35599.67,35.5997,0.351341,0.525167,308.0621,292.659,1053.5724,278.7751,5.6251,63632.2,63.6322,0.628001,22490.09,22.4901,1.527e-05,2.90707e-05,10067134.61
8.0,1.0,236.15,-37.0,35599.67,35.5997,0.351341,0.525167,308.0621,308.0621,1109.0236,283.38,10.23,67387.66,67.3877,0.665064,24919.77,24.9198,1.527e-05,2.90707e-05,10596983.8
8.0,1.2,236.15,-37.0,35599.67,35.5997,0.351341,0.525167,308.0621,369.6745,1330.8283,304.1612,31.0112,86327.97,86.328,0.851991,35884.47,35.8845,1.527e-05,2.90707e-05,12716380.55
8.0,1.5,236.15,-37.0,35599.67,35.5997,0.351341,0.525167,308.0621,462.0932,1663.5354,342.4175,69.2675,130687.49,130.6875,1.289785,56069.48,56.0695,1.527e-05,2.90707e-05,15895475.69
8.0,2.0,236.15,-37.0,35599.67,35.5997,0.351341,0.525167,308.0621,616.1242,2218.0472,425.07,151.92,278547.82,278.5478,2.749053,99679.08,99.6791,1.527e-05,2.90707e-05,21193967.59
8.0,2.5,236.15,-37.0,35599.67,35.5997,0.351341,0.525167,308.0621,770.1553,2772.559,531.3375,258.1875,608253.78,608.2538,6.002998,155748.57,155.7486,1.527e-05,2.90707e-05,26492459.49
8.0,3.0,236.15,-37.0,35599.67,35.5997,0.351341,0.525167,308.0621,924.1863,3327.0708,661.22,388.07,1307672.86,1307.6729,12.905728,224277.94,224.2779,1.527e-05,2.90707e-05,31790951.39
8.0,4.0,236.15,-37.0,35599.67,35.5997,0.351341,0.525167,308.0621,1232.2484,4436.0943,991.83,718.68,5405284.0,5405.284,53.346005,398716.33,398.7163,1.527e-05,2.90707e-05,42387935.18
8.0,5.0,236.15,-37.0,35599.67,35.5997,0.351341,0.525167,308.0621,1540.3105,5545.1179,1416.9,1143.75,18835422.97,18835.423,185.891172,622994.27,622.9943,1.527e-05,2.90707e-05,52984918.98
8.0,6.0,236.15,-37.0,35599.67,35.5997,0.351341,0.525167,308.0621,1848.3726,6654.1415,1936.43,1663.28,56207527.84,56207.5278,554.72517,897111.74,897.1117,1.527e-05,2.90707e-05,63581902.77
8.0,8.0,236.15,-37.0,35599.67,35.5997,0.351341,0.525167,308.0621,2464.4969,8872.1887,3258.87,2985.72,347554409.85,347554.4099,3430.095335,1594865.32,1594.8653,1.527e-05,2.90707e-05,84775870.36
8.0,10.0,236.15,-37.0,35599.67,35.5997,0.351341,0.525167,308.0621,3080.6211,11090.2358,4959.15,4686.0,1510822807.95,1510822.808,14910.661811,2491977.06,2491.9771,1.527e-05,2.90707e-05,105969837.96
10.0,0.1,223.15,-50.0,26436.13,26.4361,0.260904,0.412706,299.4627,29.9463,107.8066,223.5963,-49.5537,26621.65,26.6217,0.262735,185.05,0.1851,1.457e-05,3.53046e-05,848225.63
10.0,0.3,223.15,-50.0,26436.13,26.4361,0.260904,0.412706,299.4627,89.8388,323.4197,227.1667,-45.9833,28139.42,28.1394,0.277715,1665.48,1.6655,1.457e-05,3.53046e-05,2544676.88
10.0,0.5,223.15,-50.0,26436.13,26.4361,0.260904,0.412706,299.4627,149.7314,539.0329,234.3075,-38.8425,31358.88,31.3589,0.309488,4626.32,4.6263,1.457e-05,3.53046e-05,4241128.13
10.0,0.7,223.15,-50.0,26436.13,26.4361,0.260904,0.412706,299.4627,209.6239,754.646,245.0187,-28.1313,36669.6,36.6696,0.361901,9067.59,9.0676,1.457e-05,3.53046e-05,5937579.38
10.0,0.85,223.15,-50.0,26436.13,26.4361,0.260904,0.412706,299.4627,254.5433,916.3559,255.3952,-17.7548,42398.77,42.3988,0.418443,13370.08,13.3701,1.457e-05,3.53046e-05,7209917.82
10.0,0.95,223.15,-50.0,26436.13,26.4361,0.260904,0.412706,299.4627,284.4896,1024.1625,263.4286,-9.7214,47252.95,47.253,0.46635,16701.03,16.701,1.457e-05,3.53046e-05,8058143.44
10.0,1.0,223.15,-50.0,26436.13,26.4361,0.260904,0.412706,299.4627,299.4627,1078.0658,267.78,-5.37,50041.73,50.0417,0.493873,18505.29,18.5053,1.457e-05,3.53046e-05,8482256.25
10.0,1.2,223.15,-50.0,26436.13,26.4361,0.260904,0.412706,299.4627,359.3553,1293.6789,287.4172,14.2672,64106.71,64.1067,0.632684,26647.62,26.6476,1.457e-05,3.53046e-05,10178707.5
10.0,1.5,223.15,-50.0,26436.13,26.4361,0.260904,0.412706,299.4627,449.1941,1617.0986,323.5675,50.4175,97047.86,97.0479,0.957788,41636.91,41.6369,1.457e-05,3.53046e-05,12723384.38
10.0,2.0,223.15,-50.0,26436.13,26.4361,0.260904,0.412706,299.4627,598.9254,2156.1315,401.67,128.52,206848.19,206.8482,2.041433,74021.18,74.0212,1.457e-05,3.53046e-05,16964512.51
10.0,2.5,223.15,-50.0,26436.13,26.4361,0.260904,0.412706,299.4627,748.6568,2695.1644,502.0875,228.9375,451686.15,451.6861,4.457796,115658.09,115.6581,1.457e-05,3.53046e-05,21205640.63
10.0,3.0,223.15,-50.0,26436.13,26.4361,0.260904,0.412706,299.4627,898.3881,3234.1973,624.82,351.67,971071.19,971.0712,9.583728,166547.65,166.5477,1.457e-05,3.53046e-05,25446768.76
10.0,4.0,223.15,-50.0,26436.13,26.4361,0.260904,0.412706,299.4627,1197.8508,4312.263,937.23,664.08,4013936.3,4013.9363,39.614471,296084.71,296.0847,1.457e-05,3.53046e-05,33929025.01
10.0,5.0,223.15,-50.0,26436.13,26.4361,0.260904,0.412706,299.4627,1497.3136,5390.3288,1338.9,1065.75,13987088.94,13987.0889,138.041835,462632.36,462.6324,1.457e-05,3.53046e-05,42411281.27
10.0,6.0,223.15,-50.0,26436.13,26.4361,0.260904,0.412706,299.4627,1796.7763,6468.3946,1829.83,1556.68,41739423.21,41739.4232,411.936079,666190.6,666.1906,1.457e-05,3.53046e-05,50893537.52
10.0,8.0,223.15,-50.0,26436.13,26.4361,0.260904,0.412706,299.4627,2395.7017,8624.5261,3079.47,2806.32,258092130.35,258092.1304,2547.171284,1184338.85,1184.3388,1.457e-05,3.53046e-05,67858050.03
10.0,10.0,223.15,-50.0,26436.13,26.4361,0.260904,0.412706,299.4627,2994.6271,10780.6576,4686.15,4413.0,1121929303.83,1121929.3038,11072.581336,1850529.45,1850.5294,1.457e-05,3.53046e-05,84822562.54
12.0,0.1,216.65,-56.5,19330.29,19.3303,0.190775,0.310827,295.069,29.5069,106.2249,217.0833,-56.0667,19465.94,19.4659,0.192114,135.31,0.1353,1.422e-05,4.57343e-05,645180.6
12.0,0.3,216.65,-56.5,19330.29,19.3303,0.190775,0.310827,295.069,88.5207,318.6746,220.5497,-52.6003,20575.74,20.5757,0.203067,1217.81,1.2178,1.422e-05,4.57343e-05,1935541.8
12.0,0.5,216.65,-56.5,19330.29,19.3303,0.190775,0.310827,295.069,147.5345,531.1243,227.4825,-45.6675,22929.83,22.9298,0.2263,3382.8,3.3828,1.422e-05,4.57343e-05,3225903.0
12.0,0.7,216.65,-56.5,19330.29,19.3303,0.190775,0.310827,295.069,206.5483,743.574,237.8817,-35.2683,26813.06,26.8131,0.264624,6630.29,6.6303,1.422e-05,4.57343e-05,4516264.2
12.0,0.85,216.65,-56.5,19330.29,19.3303,0.190775,0.310827,295.069,250.8087,902.9113,247.9559,-25.1941,31002.27,31.0023,0.305969,9776.29,9.7763,1.422e-05,4.57343e-05,5484035.1
12.0,0.95,216.65,-56.5,19330.29,19.3303,0.190775,0.310827,295.069,280.3156,1009.1361,255.7553,-17.3947,34551.69,34.5517,0.340999,12211.91,12.2119,1.422e-05,4.57343e-05,6129215.7
12.0,1.0,216.65,-56.5,19330.29,19.3303,0.190775,0.310827,295.069,295.069,1062.2486,259.98,-13.17,36590.86,36.5909,0.361124,13531.2,13.5312,1.422e-05,4.57343e-05,6451806.0
12.0,1.2,216.65,-56.5,19330.29,19.3303,0.190775,0.310827,295.069,354.0829,1274.6983,279.0452,5.8952,46875.27,46.8753,0.462623,19484.93,19.4849,1.422e-05,4.57343e-05,7742167.2
12.0,1.5,216.65,-56.5,19330.29,19.3303,0.190775,0.310827,295.069,442.6036,1593.3729,314.1425,40.9925,70962.07,70.9621,0.700341,30445.2,30.4452,1.422e-05,4.57343e-05,9677709.0
12.0,2.0,216.65,-56.5,19330.29,19.3303,0.190775,0.310827,295.069,590.1381,2124.4971,389.97,116.82,151248.83,151.2488,1.49271,54124.8,54.1248,1.422e-05,4.57343e-05,12903612.0
12.0,2.5,216.65,-56.5,19330.29,19.3303,0.190775,0.310827,295.069,737.6726,2655.6214,487.4625,214.3125,330276.05,330.276,3.259571,84570.0,84.57,1.422e-05,4.57343e-05,16129515.0
12.0,3.0,216.65,-56.5,19330.29,19.3303,0.190775,0.310827,295.069,885.2071,3186.7457,606.62,333.47,710054.0,710.054,7.007688,121780.8,121.7808,1.422e-05,4.57343e-05,19355418.0
12.0,4.0,216.65,-56.5,19330.29,19.3303,0.190775,0.310827,295.069,1180.2762,4248.9943,909.93,636.78,2935018.1,2935.0181,28.966377,216499.2,216.4992,1.422e-05,4.57343e-05,25807224.0
12.0,5.0,216.65,-56.5,19330.29,19.3303,0.190775,0.310827,295.069,1475.3452,5311.2428,1299.9,1026.75,10227456.56,10227.4566,100.937148,338280.0,338.28,1.422e-05,4.57343e-05,32259029.99
12.0,6.0,216.65,-56.5,19330.29,19.3303,0.190775,0.310827,295.069,1770.4143,6373.4914,1776.53,1503.38,30520156.11,30520.1561,301.210522,487123.19,487.1232,1.422e-05,4.57343e-05,38710835.99
12.0,8.0,216.65,-56.5,19330.29,19.3303,0.190775,0.310827,295.069,2360.5524,8497.9885,2989.77,2716.62,188718758.0,188718.758,1862.509331,865996.79,865.9968,1.422e-05,4.57343e-05,51614447.99
12.0,10.0,216.65,-56.5,19330.29,19.3303,0.190775,0.310827,295.069,2950.6905,10622.4857,4549.65,4276.5,820362498.06,820362.4981,8096.348365,1353119.98,1353.12,1.422e-05,4.57343e-05,64518059.99
15.0,0.1,216.65,-56.5,12044.48,12.0445,0.11887,0.193673,295.069,29.5069,106.2249,217.0833,-56.0667,12129.0,12.129,0.119704,84.31,0.0843,1.422e-05,7.33994e-05,402004.5
15.0,0.3,216.65,-56.5,12044.48,12.0445,0.11887,0.193673,295.069,88.5207,318.6746,220.5497,-52.6003,12820.5,12.8205,0.126529,758.8,0.7588,1.422e-05,7.33994e-05,1206013.49
15.0,0.5,216.65,-56.5,12044.48,12.0445,0.11887,0.193673,295.069,147.5345,531.1243,227.4825,-45.6675,14287.31,14.2873,0.141005,2107.78,2.1078,1.422e-05,7.33994e-05,2010022.48
15.0,0.7,216.65,-56.5,12044.48,12.0445,0.11887,0.193673,295.069,206.5483,743.574,237.8817,-35.2683,16706.91,16.7069,0.164884,4131.25,4.1313,1.422e-05,7.33994e-05,2814031.47
15.0,0.85,216.65,-56.5,12044.48,12.0445,0.11887,0.193673,295.069,250.8087,902.9113,247.9559,-25.1941,19317.16,19.3172,0.190645,6091.49,6.0915,1.422e-05,7.33994e-05,3417038.21
15.0,0.95,216.65,-56.5,12044.48,12.0445,0.11887,0.193673,295.069,280.3156,1009.1361,255.7553,-17.3947,21528.75,21.5288,0.212472,7609.1,7.6091,1.422e-05,7.33994e-05,3819042.71
15.0,1.0,216.65,-56.5,12044.48,12.0445,0.11887,0.193673,295.069,295.069,1062.2486,259.98,-13.17,22799.34,22.7993,0.225012,8431.13,8.4311,1.422e-05,7.33994e-05,4020044.95
15.0,1.2,216.65,-56.5,12044.48,12.0445,0.11887,0.193673,295.069,354.0829,1274.6983,279.0452,5.8952,29207.43,29.2074,0.288255,12140.83,12.1408,1.422e-05,7.33994e-05,4824053.94
15.0,1.5,216.65,-56.5,12044.48,12.0445,0.11887,0.193673,295.069,442.6036,1593.3729,314.1425,40.9925,44215.64,44.2156,0.436374,18970.05,18.97,1.422e-05,7.33994e-05,6030067.43
15.0,2.0,216.65,-56.5,12044.48,12.0445,0.11887,0.193673,295.069,590.1381,2124.4971,389.97,116.82,94241.38,94.2414,0.93009,33724.53,33.7245,1.422e-05,7.33994e-05,8040089.91
15.0,2.5,216.65,-56.5,12044.48,12.0445,0.11887,0.193673,295.069,737.6726,2655.6214,487.4625,214.3125,205791.15,205.7911,2.031001,52694.58,52.6946,1.422e-05,7.33994e-05,10050112.38
15.0,3.0,216.65,-56.5,12044.48,12.0445,0.11887,0.193673,295.069,885.2071,3186.7457,606.62,333.47,442426.35,442.4264,4.366409,75880.19,75.8802,1.422e-05,7.33994e-05,12060134.86
15.0,4.0,216.65,-56.5,12044.48,12.0445,0.11887,0.193673,295.069,1180.2762,4248.9943,909.93,636.78,1828775.49,1828.7755,18.048611,134898.12,134.8981,1.422e-05,7.33994e-05,16080179.81
15.0,5.0,216.65,-56.5,12044.48,12.0445,0.11887,0.193673,295.069,1475.3452,5311.2428,1299.9,1026.75,6372608.71,6372.6087,62.892758,210778.31,210.7783,1.422e-05,7.33994e-05,20100224.76
15.0,6.0,216.65,-56.5,12044.48,12.0445,0.11887,0.193673,295.069,1770.4143,6373.4914,1776.53,1503.38,19016752.76,19016.7528,187.680758,303520.77,303.5208,1.422e-05,7.33994e-05,24120269.72
15.0,8.0,216.65,-56.5,12044.48,12.0445,0.11887,0.193673,295.069,2360.5524,8497.9885,2989.77,2716.62,117588453.64,117588.4536,1160.507808,539592.48,539.5925,1.422e-05,7.33994e-05,32160359.62
15.0,10.0,216.65,-56.5,12044.48,12.0445,0.11887,0.193673,295.069,2950.6905,10622.4857,4549.65,4276.5,511158289.69,511158.2897,5044.740091,843113.25,843.1133,1.422e-05,7.33994e-05,40200449.53
18.0,0.1,216.65,-56.5,7504.77,7.5048,0.074066,0.120675,295.069,29.5069,106.2249,217.0833,-56.0667,7557.44,7.5574,0.074586,52.53,0.0525,1.422e-05,0.0001177994,250484.31
18.0,0.3,216.65,-56.5,7504.77,7.5048,0.074066,0.120675,295.069,88.5207,318.6746,220.5497,-52.6003,7988.31,7.9883,0.078838,472.8,0.4728,1.422e-05,0.0001177994,751452.92
18.0,0.5,216.65,-56.5,7504.77,7.5048,0.074066,0.120675,295.069,147.5345,531.1243,227.4825,-45.6675,8902.26,8.9023,0.087858,1313.34,1.3133,1.422e-05,0.0001177994,1252421.53
18.0,0.7,216.65,-56.5,7504.77,7.5048,0.074066,0.120675,295.069,206.5483,743.574,237.8817,-35.2683,10409.88,10.4099,0.102738,2574.14,2.5741,1.422e-05,0.0001177994,1753390.14
18.0,0.85,216.65,-56.5,7504.77,7.5048,0.074066,0.120675,295.069,250.8087,902.9113,247.9559,-25.1941,12036.29,12.0363,0.118789,3795.54,3.7955,1.422e-05,0.0001177994,2129116.59
18.0,0.95,216.65,-56.5,7504.77,7.5048,0.074066,0.120675,295.069,280.3156,1009.1361,255.7553,-17.3947,13414.31,13.4143,0.132389,4741.14,4.7411,1.422e-05,0.0001177994,2379600.9
18.0,1.0,216.65,-56.5,7504.77,7.5048,0.074066,0.120675,295.069,295.069,1062.2486,259.98,-13.17,14206.0,14.206,0.140202,5253.34,5.2533,1.422e-05,0.0001177994,2504843.05
18.0,1.2,216.65,-56.5,7504.77,7.5048,0.074066,0.120675,295.069,354.0829,1274.6983,279.0452,5.8952,18198.81,18.1988,0.179608,7564.81,7.5648,1.422e-05,0.0001177994,3005811.66
18.0,1.5,216.65,-56.5,7504.77,7.5048,0.074066,0.120675,295.069,442.6036,1593.3729,314.1425,40.9925,27550.25,27.5502,0.2719,11820.02,11.82,1.422e-05,0.0001177994,3757264.58
18.0,2.0,216.65,-56.5,7504.77,7.5048,0.074066,0.120675,295.069,590.1381,2124.4971,389.97,116.82,58720.7,58.7207,0.579528,21013.36,21.0134,1.422e-05,0.0001177994,5009686.1
18.0,2.5,216.65,-56.5,7504.77,7.5048,0.074066,0.120675,295.069,737.6726,2655.6214,487.4625,214.3125,128226.06,128.2261,1.265493,32833.38,32.8334,1.422e-05,0.0001177994,6262107.63
18.0,3.0,216.65,-56.5,7504.77,7.5048,0.074066,0.120675,295.069,885.2071,3186.7457,606.62,333.47,275670.69,275.6707,2.720658,47280.06,47.2801,1.422e-05,0.0001177994,7514529.15
18.0,4.0,216.65,-56.5,7504.77,7.5048,0.074066,0.120675,295.069,1180.2762,4248.9943,909.93,636.78,1139488.65,1139.4886,11.245879,84053.44,84.0534,1.422e-05,0.0001177994,10019372.2
18.0,5.0,216.65,-56.5,7504.77,7.5048,0.074066,0.120675,295.069,1475.3452,5311.2428,1299.9,1026.75,3970698.05,3970.6981,39.187743,131333.51,131.3335,1.422e-05,0.0001177994,12524215.26
18.0,6.0,216.65,-56.5,7504.77,7.5048,0.074066,0.120675,295.069,1770.4143,6373.4914,1776.53,1503.38,11849116.5,11849.1165,116.941688,189120.25,189.1202,1.422e-05,0.0001177994,15029058.31
18.0,8.0,216.65,-56.5,7504.77,7.5048,0.074066,0.120675,295.069,2360.5524,8497.9885,2989.77,2716.62,73267991.89,73267.9919,723.098859,336213.77,336.2138,1.422e-05,0.0001177994,20038744.41
18.0,10.0,216.65,-56.5,7504.77,7.5048,0.074066,0.120675,295.069,2950.6905,10622.4857,4549.65,4276.5,318496759.35,318496.7593,3143.318622,525334.02,525.334,1.422e-05,0.0001177994,25048430.51
20.0,0.1,216.65,-56.5,5474.83,5.4748,0.054032,0.088034,295.069,29.5069,106.2249,217.0833,-56.0667,5513.25,5.5132,0.054412,38.32,0.0383,1.422e-05,0.0001614768,182731.57
20.0,0.3,216.65,-56.5,5474.83,5.4748,0.054032,0.088034,295.069,88.5207,318.6746,220.5497,-52.6003,5827.57,5.8276,0.057514,344.91,0.3449,1.422e-05,0.0001614768,548194.72
20.0,0.5,216.65,-56.5,5474.83,5.4748,0.054032,0.088034,295.069,147.5345,531.1243,227.4825,-45.6675,6494.31,6.4943,0.064094,958.1,0.9581,1.422e-05,0.0001614768,913657.86
20.0,0.7,216.65,-56.5,5474.83,5.4748,0.054032,0.088034,295.069,206.5483,743.574,237.8817,-35.2683,7594.14,7.5941,0.074948,1877.87,1.8779,1.422e-05,0.0001614768,1279121.01
20.0,0.85,216.65,-56.5,5474.83,5.4748,0.054032,0.088034,295.069,250.8087,902.9113,247.9559,-25.1941,8780.63,8.7806,0.086658,2768.89,2.7689,1.422e-05,0.0001614768,1553218.37
20.0,0.95,216.65,-56.5,5474.83,5.4748,0.054032,0.088034,295.069,280.3156,1009.1361,255.7553,-17.3947,9785.92,9.7859,0.096579,3458.72,3.4587,1.422e-05,0.0001614768,1735949.94
20.0,1.0,216.65,-56.5,5474.83,5.4748,0.054032,0.088034,295.069,295.069,1062.2486,259.98,-13.17,10363.46,10.3635,0.102279,3832.38,3.8324,1.422e-05,0.0001614768,1827315.73
20.0,1.2,216.65,-56.5,5474.83,5.4748,0.054032,0.088034,295.069,354.0829,1274.6983,279.0452,5.8952,13276.27,13.2763,0.131027,5518.63,5.5186,1.422e-05,0.0001614768,2192778.87
20.0,1.5,216.65,-56.5,5474.83,5.4748,0.054032,0.088034,295.069,442.6036,1593.3729,314.1425,40.9925,20098.26,20.0983,0.198354,8622.86,8.6229,1.422e-05,0.0001614768,2740973.59
20.0,2.0,216.65,-56.5,5474.83,5.4748,0.054032,0.088034,295.069,590.1381,2124.4971,389.97,116.82,42837.52,42.8375,0.422773,15329.52,15.3295,1.422e-05,0.0001614768,3654631.45
20.0,2.5,216.65,-56.5,5474.83,5.4748,0.054032,0.088034,295.069,737.6726,2655.6214,487.4625,214.3125,93542.59,93.5426,0.923194,23952.38,23.9524,1.422e-05,0.0001614768,4568289.32
20.0,3.0,216.65,-56.5,5474.83,5.4748,0.054032,0.088034,295.069,885.2071,3186.7457,606.62,333.47,201105.37,201.1054,1.984756,34491.42,34.4914,1.422e-05,0.0001614768,5481947.18
20.0,4.0,216.65,-56.5,5474.83,5.4748,0.054032,0.088034,295.069,1180.2762,4248.9943,909.93,636.78,831271.85,831.2719,8.204015,61318.08,61.3181,1.422e-05,0.0001614768,7309262.91
20.0,5.0,216.65,-56.5,5474.83,5.4748,0.054032,0.088034,295.069,1475.3452,5311.2428,1299.9,1026.75,2896676.1,2896.6761,28.58797,95809.51,95.8095,1.422e-05,0.0001614768,9136578.63
20.0,6.0,216.65,-56.5,5474.83,5.4748,0.054032,0.088034,295.069,1770.4143,6373.4914,1776.53,1503.38,8644085.27,8644.0853,85.310489,137965.69,137.9657,1.422e-05,0.0001614768,10963894.36
20.0,8.0,216.65,-56.5,5474.83,5.4748,0.054032,0.088034,295.069,2360.5524,8497.9885,2989.77,2716.62,53449957.18,53449.9572,527.510063,245272.34,245.2723,1.422e-05,0.0001614768,14618525.81
20.0,10.0,216.65,-56.5,5474.83,5.4748,0.054032,0.088034,295.069,2950.6905,10622.4857,4549.65,4276.5,232347546.47,232347.5465,2293.091996,383238.03,383.238,1.422e-05,0.0001614768,18273157.27
25.0,0.1,221.65,-51.5,2510.99,2.511,0.024782,0.039465,298.4545,29.8455,107.4436,222.0933,-51.0567,2528.61,2.5286,0.024955,17.58,0.0176,1.449e-05,0.0003671294,81294.1
25.0,0.3,221.65,-51.5,2510.99,2.511,0.024782,0.039465,298.4545,89.5364,322.3309,225.6397,-47.5103,2672.77,2.6728,0.026378,158.19,0.1582,1.449e-05,0.0003671294,243882.3
25.0,0.5,221.65,-51.5,2510.99,2.511,0.024782,0.039465,298.4545,149.2273,537.2182,232.7325,-40.4175,2978.57,2.9786,0.029396,439.42,0.4394,1.449e-05,0.0003671294,406470.51
25.0,0.7,221.65,-51.5,2510.99,2.511,0.024782,0.039465,298.4545,208.9182,752.1054,243.3717,-29.7783,3483.0,3.483,0.034374,861.27,0.8613,1.449e-05,0.0003671294,569058.71
25.0,0.85,221.65,-51.5,2510.99,2.511,0.024782,0.039465,298.4545,253.6863,913.2709,253.6784,-19.4716,4027.17,4.0272,0.039745,1269.93,1.2699,1.449e-05,0.0003671294,690999.86
25.0,0.95,221.65,-51.5,2510.99,2.511,0.024782,0.039465,298.4545,283.5318,1020.7145,261.6578,-11.4922,4488.24,4.4882,0.044295,1586.32,1.5863,1.449e-05,0.0003671294,772293.96
25.0,1.0,221.65,-51.5,2510.99,2.511,0.024782,0.039465,298.4545,298.4545,1074.4363,265.98,-7.17,4753.12,4.7531,0.04691,1757.69,1.7577,1.449e-05,0.0003671294,812941.01
25.0,1.2,221.65,-51.5,2510.99,2.511,0.024782,0.039465,298.4545,358.1454,1289.3236,285.4852,12.3352,6089.06,6.0891,0.060094,2531.08,2.5311,1.449e-05,0.0003671294,975529.21
25.0,1.5,221.65,-51.5,2510.99,2.511,0.024782,0.039465,298.4545,447.6818,1611.6545,321.3925,48.2425,9217.92,9.2179,0.090974,3954.81,3.9548,1.449e-05,0.0003671294,1219411.52
25.0,2.0,221.65,-51.5,2510.99,2.511,0.024782,0.039465,298.4545,596.9091,2148.8726,398.97,125.82,19647.1,19.6471,0.193902,7030.77,7.0308,1.449e-05,0.0003671294,1625882.02
25.0,2.5,221.65,-51.5,2510.99,2.511,0.024782,0.039465,298.4545,746.1363,2686.0908,498.7125,225.5625,42902.6,42.9026,0.423416,10985.58,10.9856,1.449e-05,0.0003671294,2032352.53
25.0,3.0,221.65,-51.5,2510.99,2.511,0.024782,0.039465,298.4545,895.3636,3223.3089,620.62,347.47,92235.45,92.2354,0.910293,15819.23,15.8192,1.449e-05,0.0003671294,2438823.04
25.0,4.0,221.65,-51.5,2510.99,2.511,0.024782,0.039465,298.4545,1193.8181,4297.7452,930.93,657.78,381256.51,381.2565,3.762709,28123.07,28.1231,1.449e-05,0.0003671294,3251764.05
25.0,5.0,221.65,-51.5,2510.99,2.511,0.024782,0.039465,298.4545,1492.2726,5372.1815,1329.9,1056.75,1328538.46,1328.5385,13.111655,43942.3,43.9423,1.449e-05,0.0003671294,4064705.06
25.0,6.0,221.65,-51.5,2510.99,2.511,0.024782,0.039465,298.4545,1790.7272,6446.6178,1817.53,1544.38,3964543.96,3964.544,39.127007,63276.91,63.2769,1.449e-05,0.0003671294,4877646.07
25.0,8.0,221.65,-51.5,2510.99,2.511,0.024782,0.039465,298.4545,2387.6362,8595.4904,3058.77,2785.62,24514416.29,24514.4163,241.938478,112492.29,112.4923,1.449e-05,0.0003671294,6503528.09
25.0,10.0,221.65,-51.5,2510.99,2.511,0.024782,0.039465,298.4545,2984.5453,10744.3631,4654.65,4381.5,106564434.83,106564.4348,1051.709201,175769.21,175.7692,1.449e-05,0.0003671294,8129410.12
30.0,0.1,226.65,-46.5,1171.85,1.1718,0.011565,0.018012,301.802,30.1802,108.6487,227.1033,-46.0467,1180.07,1.1801,0.011646,8.2,0.0082,1.476e-05,0.0008194493,36829.86
30.0,0.3,226.65,-46.5,1171.85,1.1718,0.011565,0.018012,301.802,90.5406,325.9462,230.7297,-42.4203,1247.35,1.2473,0.01231,73.83,0.0738,1.476e-05,0.0008194493,110489.58
30.0,0.5,226.65,-46.5,1171.85,1.1718,0.011565,0.018012,301.802,150.901,543.2437,237.9825,-35.1675,1390.06,1.3901,0.013719,205.07,0.2051,1.476e-05,0.0008194493,184149.3
30.0,0.7,226.65,-46.5,1171.85,1.1718,0.011565,0.018012,301.802,211.2614,760.5411,248.8617,-24.2883,1625.47,1.6255,0.016042,401.94,0.4019,1.476e-05,0.0008194493,257809.01
30.0,0.85,226.65,-46.5,1171.85,1.1718,0.011565,0.018012,301.802,256.5317,923.5142,259.4009,-13.7491,1879.43,1.8794,0.018549,592.66,0.5927,1.476e-05,0.0008194493,313053.8
30.0,0.95,226.65,-46.5,1171.85,1.1718,0.011565,0.018012,301.802,286.7119,1032.163,267.5603,-5.5897,2094.6,2.0946,0.020672,740.31,0.7403,1.476e-05,0.0008194493,349883.66
30.0,1.0,226.65,-46.5,1171.85,1.1718,0.011565,0.018012,301.802,301.802,1086.4873,271.98,-1.17,2218.22,2.2182,0.021892,820.29,0.8203,1.476e-05,0.0008194493,368298.59
30.0,1.2,226.65,-46.5,1171.85,1.1718,0.011565,0.018012,301.802,362.1624,1303.7848,291.9252,18.7752,2841.69,2.8417,0.028045,1181.22,1.1812,1.476e-05,0.0008194493,441958.31
30.0,1.5,226.65,-46.5,1171.85,1.1718,0.011565,0.018012,301.802,452.7031,1629.731,328.6425,55.4925,4301.89,4.3019,0.042456,1845.66,1.8457,1.476e-05,0.0008194493,552447.89
30.0,2.0,226.65,-46.5,1171.85,1.1718,0.011565,0.018012,301.802,603.6041,2172.9747,407.97,134.82,9169.06,9.1691,0.090492,3281.17,3.2812,1.476e-05,0.0008194493,736597.18
30.0,2.5,226.65,-46.5,1171.85,1.1718,0.011565,0.018012,301.802,754.5051,2716.2183,509.9625,236.8125,20022.1,20.0221,0.197603,5126.83,5.1268,1.476e-05,0.0008194493,920746.48
30.0,3.0,226.65,-46.5,1171.85,1.1718,0.011565,0.018012,301.802,905.4061,3259.462,634.62,361.47,43045.13,43.0451,0.424822,7382.64,7.3826,1.476e-05,0.0008194493,1104895.77
30.0,4.0,226.65,-46.5,1171.85,1.1718,0.011565,0.018012,301.802,1207.2082,4345.9493,951.93,678.78,177927.64,177.9276,1.756009,13124.69,13.1247,1.476e-05,0.0008194493,1473194.36
30.0,5.0,226.65,-46.5,1171.85,1.1718,0.011565,0.018012,301.802,1509.0102,5432.4367,1359.9,1086.75,620012.27,620.0123,6.119045,20507.32,20.5073,1.476e-05,0.0008194493,1841492.95
30.0,6.0,226.65,-46.5,1171.85,1.1718,0.011565,0.018012,301.802,1810.8122,6518.924,1858.53,1585.38,1850203.04,1850.203,18.260084,29530.54,29.5305,1.476e-05,0.0008194493,2209791.54
30.0,8.0,226.65,-46.5,1171.85,1.1718,0.011565,0.018012,301.802,2414.4163,8691.8987,3127.77,2854.62,11440571.2,11440.5712,112.909659,52498.74,52.4987,1.476e-05,0.0008194493,2946388.72
30.0,10.0,226.65,-46.5,1171.85,1.1718,0.011565,0.018012,301.802,3018.0204,10864.8734,4759.65,4486.5,49732287.71,49732.2877,490.819518,82029.29,82.0293,1.476e-05,0.0008194493,3682985.9
35.0,0.1,237.05,-36.1,558.91,0.5589,0.005516,0.008214,308.6486,30.8649,111.1135,237.5241,-35.6259,562.83,0.5628,0.005555,3.91,0.0039,1.531e-05,0.0018644969,16553.99
35.0,0.3,237.05,-36.1,558.91,0.5589,0.005516,0.008214,308.6486,92.5946,333.3405,241.3169,-31.8331,594.92,0.5949,0.005871,35.21,0.0352,1.531e-05,0.0018644969,49661.96
35.0,0.5,237.05,-36.1,558.91,0.5589,0.005516,0.008214,308.6486,154.3243,555.5674,248.9025,-24.2475,662.99,0.663,0.006543,97.81,0.0978,1.531e-05,0.0018644969,82769.94
35.0,0.7,237.05,-36.1,558.91,0.5589,0.005516,0.008214,308.6486,216.054,777.7944,260.2809,-12.8691,775.27,0.7753,0.007651,191.71,0.1917,1.531e-05,0.0018644969,115877.91
35.0,0.85,237.05,-36.1,558.91,0.5589,0.005516,0.008214,308.6486,262.3513,944.4647,271.3037,-1.8463,896.39,0.8964,0.008847,282.67,0.2827,1.531e-05,0.0018644969,140708.89
35.0,0.95,237.05,-36.1,558.91,0.5589,0.005516,0.008214,308.6486,293.2162,1055.5782,279.8375,6.6875,999.02,0.999,0.00986,353.09,0.3531,1.531e-05,0.0018644969,157262.88
35.0,1.0,237.05,-36.1,558.91,0.5589,0.005516,0.008214,308.6486,308.6486,1111.1349,284.46,11.31,1057.98,1.058,0.010441,391.24,0.3912,1.531e-05,0.0018644969,165539.88
35.0,1.2,237.05,-36.1,558.91,0.5589,0.005516,0.008214,308.6486,370.3783,1333.3619,305.3204,32.1704,1355.34,1.3553,0.013376,563.38,0.5634,1.531e-05,0.0018644969,198647.85
35.0,1.5,237.05,-36.1,558.91,0.5589,0.005516,0.008214,308.6486,462.9729,1666.7023,343.7225,70.5725,2051.79,2.0518,0.02025,880.29,0.8803,1.531e-05,0.0018644969,248309.81
35.0,2.0,237.05,-36.1,558.91,0.5589,0.005516,0.008214,308.6486,617.2972,2222.2698,426.69,153.54,4373.18,4.3732,0.04316,1564.96,1.565,1.531e-05,0.0018644969,331079.75
35.0,2.5,237.05,-36.1,558.91,0.5589,0.005516,0.008214,308.6486,771.6215,2777.8372,533.3625,260.2125,9549.55,9.5495,0.094247,2445.24,2.4452,1.531e-05,0.0018644969,413849.69
35.0,3.0,237.05,-36.1,558.91,0.5589,0.005516,0.008214,308.6486,925.9457,3333.4047,663.74,390.59,20530.38,20.5304,0.202619,3521.15,3.5211,1.531e-05,0.0018644969,496619.63
35.0,4.0,237.05,-36.1,558.91,0.5589,0.005516,0.008214,308.6486,1234.5943,4444.5396,995.61,722.46,84862.63,84.8626,0.837529,6259.82,6.2598,1.531e-05,0.0018644969,662159.51
35.0,5.0,237.05,-36.1,558.91,0.5589,0.005516,0.008214,308.6486,1543.2429,5555.6745,1422.3,1149.15,295714.99,295.715,2.91848,9780.97,9.781,1.531e-05,0.0018644969,827699.38
35.0,6.0,237.05,-36.1,558.91,0.5589,0.005516,0.008214,308.6486,1851.8915,6666.8094,1943.81,1670.66,882454.75,882.4548,8.709151,14084.6,14.0846,1.531e-05,0.0018644969,993239.26
35.0,8.0,237.05,-36.1,558.91,0.5589,0.005516,0.008214,308.6486,2469.1887,8889.0792,3271.29,2998.14,5456583.01,5456.583,53.852287,25039.29,25.0393,1.531e-05,0.0018644969,1324319.01
35.0,10.0,237.05,-36.1,558.91,0.5589,0.005516,0.008214,308.6486,3086.4858,11111.349,4978.05,4704.9,23719825.81,23719.8258,234.09648,39123.89,39.1239,1.531e-05,0.0018644969,1655398.76
40.0,0.1,251.05,-22.1,277.52,0.2775,0.002739,0.003851,317.6321,31.7632,114.3476,251.5521,-21.5979,279.46,0.2795,0.002758,1.94,0.0019,1.604e-05,0.0041664217,7623.62
40.0,0.3,251.05,-22.1,277.52,0.2775,0.002739,0.003851,317.6321,95.2896,343.0427,255.5689,-17.5811,295.4,0.2954,0.002915,17.48,0.0175,1.604e-05,0.0041664217,22870.86
40.0,0.5,251.05,-22.1,277.52,0.2775,0.002739,0.003851,317.6321,158.8161,571.7378,263.6025,-9.5475,329.19,0.3292,0.003249,48.57,0.0486,1.604e-05,0.0041664217,38118.1
40.0,0.7,251.05,-22.1,277.52,0.2775,0.002739,0.003851,317.6321,222.3425,800.433,275.6529,2.5029,384.94,0.3849,0.003799,95.19,0.0952,1.604e-05,0.0041664217,53365.33
40.0,0.85,251.05,-22.1,277.52,0.2775,0.002739,0.003851,317.6321,269.9873,971.9543,287.3267,14.1767,445.08,0.4451,0.004393,140.35,0.1404,1.604e-05,0.0041664217,64800.76
40.0,0.95,251.05,-22.1,277.52,0.2775,0.002739,0.003851,317.6321,301.7505,1086.3019,296.3645,23.2145,496.04,0.496,0.004896,175.32,0.1753,1.604e-05,0.0041664217,72424.38
40.0,1.0,251.05,-22.1,277.52,0.2775,0.002739,0.003851,317.6321,317.6321,1143.4756,301.26,28.11,525.32,0.5253,0.005184,194.26,0.1943,1.604e-05,0.0041664217,76236.19
40.0,1.2,251.05,-22.1,277.52,0.2775,0.002739,0.003851,317.6321,381.1585,1372.1708,323.3524,50.2024,672.97,0.673,0.006642,279.74,0.2797,1.604e-05,0.0041664217,91483.43
40.0,1.5,251.05,-22.1,277.52,0.2775,0.002739,0.003851,317.6321,476.4482,1715.2135,364.0225,90.8725,1018.77,1.0188,0.010054,437.09,0.4371,1.604e-05,0.0041664217,114354.29
40.0,2.0,251.05,-22.1,277.52,0.2775,0.002739,0.003851,317.6321,635.2642,2286.9513,451.89,178.74,2171.41,2.1714,0.02143,777.04,0.777,1.604e-05,0.0041664217,152472.38
40.0,2.5,251.05,-22.1,277.52,0.2775,0.002739,0.003851,317.6321,794.0803,2858.6891,564.8625,291.7125,4741.61,4.7416,0.046796,1214.13,1.2141,1.604e-05,0.0041664217,190590.48
40.0,3.0,251.05,-22.1,277.52,0.2775,0.002739,0.003851,317.6321,952.8964,3430.4269,702.94,429.79,10193.9,10.1939,0.100606,1748.35,1.7483,1.604e-05,0.0041664217,228708.57
40.0,4.0,251.05,-22.1,277.52,0.2775,0.002739,0.003851,317.6321,1270.5285,4573.9026,1054.41,781.26,42136.62,42.1366,0.415856,3108.17,3.1082,1.604e-05,0.0041664217,304944.77
40.0,5.0,251.05,-22.1,277.52,0.2775,0.002739,0.003851,317.6321,1588.1606,5717.3782,1506.3,1233.15,146830.58,146.8306,1.449105,4856.52,4.8565,1.604e-05,0.0041664217,381180.96
40.0,6.0,251.05,-22.1,277.52,0.2775,0.002739,0.003851,317.6321,1905.7927,6860.8539,2058.61,1785.46,438162.93,438.1629,4.324332,6993.39,6.9934,1.604e-05,0.0041664217,457417.15
40.0,8.0,251.05,-22.1,277.52,0.2775,0.002739,0.003851,317.6321,2541.057,9147.8052,3464.49,3191.34,2709342.76,2709.3428,26.739134,12432.69,12.4327,1.604e-05,0.0041664217,609889.53
40.0,10.0,251.05,-22.1,277.52,0.2775,0.002739,0.003851,317.6321,3176.3212,11434.7565,5272.05,4998.9,11777542.51,11777.5425,116.235307,19426.08,19.4261,1.604e-05,0.0041664217,762361.92
45.0,0.1,265.05,-8.1,143.13,0.1431,0.001413,0.001881,326.3685,32.6368,117.4927,265.5801,-7.5699,144.14,0.1441,0.001423,1.0,0.001,1.676e-05,0.0089069862,3664.19
45.0,0.3,265.05,-8.1,143.13,0.1431,0.001413,0.001881,326.3685,97.9105,352.478,269.8209,-3.3291,152.35,0.1524,0.001504,9.02,0.009,1.676e-05,0.0089069862,10992.56
45.0,0.5,265.05,-8.1,143.13,0.1431,0.001413,0.001881,326.3685,163.1842,587.4633,278.3025,5.1525,169.78,0.1698,0.001676,25.05,0.025,1.676e-05,0.0089069862,18320.93
45.0,0.7,265.05,-8.1,143.13,0.1431,0.001413,0.001881,326.3685,228.4579,822.4486,291.0249,17.8749,198.54,0.1985,0.001959,49.09,0.0491,1.676e-05,0.0089069862,25649.3
45.0,0.85,265.05,-8.1,143.13,0.1431,0.001413,0.001881,326.3685,277.4132,998.6876,303.3497,30.1997,229.56,0.2296,0.002266,72.39,0.0724,1.676e-05,0.0089069862,31145.58
45.0,0.95,265.05,-8.1,143.13,0.1431,0.001413,0.001881,326.3685,310.0501,1116.1802,312.8915,39.7415,255.84,0.2558,0.002525,90.42,0.0904,1.676e-05,0.0089069862,34809.76
45.0,1.0,265.05,-8.1,143.13,0.1431,0.001413,0.001881,326.3685,326.3685,1174.9265,318.06,44.91,270.94,0.2709,0.002674,100.19,0.1002,1.676e-05,0.0089069862,36641.85
45.0,1.2,265.05,-8.1,143.13,0.1431,0.001413,0.001881,326.3685,391.6422,1409.9118,341.3844,68.2344,347.09,0.3471,0.003425,144.28,0.1443,1.676e-05,0.0089069862,43970.22
45.0,1.5,265.05,-8.1,143.13,0.1431,0.001413,0.001881,326.3685,489.5527,1762.3898,384.3225,111.1725,525.44,0.5254,0.005186,225.43,0.2254,1.676e-05,0.0089069862,54962.78
45.0,2.0,265.05,-8.1,143.13,0.1431,0.001413,0.001881,326.3685,652.737,2349.8531,477.09,203.94,1119.92,1.1199,0.011053,400.77,0.4008,1.676e-05,0.0089069862,73283.71
45.0,2.5,265.05,-8.1,143.13,0.1431,0.001413,0.001881,326.3685,815.9212,2937.3163,596.3625,323.2125,2445.53,2.4455,0.024136,626.2,0.6262,1.676e-05,0.0089069862,91604.63
45.0,3.0,265.05,-8.1,143.13,0.1431,0.001413,0.001881,326.3685,979.1054,3524.7796,742.14,468.99,5257.6,5.2576,0.051889,901.73,0.9017,1.676e-05,0.0089069862,109925.56
45.0,4.0,265.05,-8.1,143.13,0.1431,0.001413,0.001881,326.3685,1305.4739,4699.7061,1113.21,840.06,21732.38,21.7324,0.214482,1603.07,1.6031,1.676e-05,0.0089069862,146567.41
45.0,5.0,265.05,-8.1,143.13,0.1431,0.001413,0.001881,326.3685,1631.8424,5874.6327,1590.3,1317.15,75729.32,75.7293,0.74739,2504.8,2.5048,1.676e-05,0.0089069862,183209.27
45.0,6.0,265.05,-8.1,143.13,0.1431,0.001413,0.001881,326.3685,1958.2109,7049.5592,2173.41,1900.26,225986.84,225.9868,2.230317,3606.91,3.6069,1.676e-05,0.0089069862,219851.12
45.0,8.0,265.05,-8.1,143.13,0.1431,0.001413,0.001881,326.3685,2610.9479,9399.4123,3657.69,3384.54,1397370.2,1397.3702,13.790972,6412.28,6.4123,1.676e-05,0.0089069862,293134.83
45.0,10.0,265.05,-8.1,143.13,0.1431,0.001413,0.001881,326.3685,3263.6848,11749.2653,5566.05,5292.9,6074383.48,6074.3835,59.949504,10019.19,10.0192,1.676e-05,0.0089069862,366418.53
50.0,0.1,270.65,-2.5,75.94,0.0759,0.000749,0.000978,329.7982,32.9798,118.7274,271.1913,-1.9587,76.48,0.0765,0.000755,0.53,0.0005,1.704e-05,0.017428097,1892.34
50.0,0.3,270.65,-2.5,75.94,0.0759,0.000749,0.000978,329.7982,98.9395,356.1821,275.5217,2.3717,80.84,0.0808,0.000798,4.78,0.0048,1.704e-05,0.017428097,5677.01
50.0,0.5,270.65,-2.5,75.94,0.0759,0.000749,0.000978,329.7982,164.8991,593.6368,284.1825,11.0325,90.08,0.0901,0.000889,13.29,0.0133,1.704e-05,0.017428097,9461.68
50.0,0.7,270.65,-2.5,75.94,0.0759,0.000749,0.000978,329.7982,230.8588,831.0915,297.1737,24.0237,105.34,0.1053,0.00104,26.05,0.026,1.704e-05,0.017428097,13246.36
50.0,0.85,270.65,-2.5,75.94,0.0759,0.000749,0.000978,329.7982,280.3285,1009.1826,309.7589,36.6089,121.8,0.1218,0.001202,38.41,0.0384,1.704e-05,0.017428097,16084.86
50.0,0.95,270.65,-2.5,75.94,0.0759,0.000749,0.000978,329.7982,313.3083,1127.91,319.5023,46.3523,135.74,0.1357,0.00134,47.98,0.048,1.704e-05,0.017428097,17977.2
50.0,1.0,270.65,-2.5,75.94,0.0759,0.000749,0.000978,329.7982,329.7982,1187.2736,324.78,51.63,143.75,0.1438,0.001419,53.16,0.0532,1.704e-05,0.017428097,18923.36
50.0,1.2,270.65,-2.5,75.94,0.0759,0.000749,0.000978,329.7982,395.7579,1424.7284,348.5972,75.4472,184.16,0.1842,0.001818,76.55,0.0766,1.704e-05,0.017428097,22708.04
50.0,1.5,270.65,-2.5,75.94,0.0759,0.000749,0.000978,329.7982,494.6973,1780.9104,392.4425,119.2925,278.79,0.2788,0.002751,119.61,0.1196,1.704e-05,0.017428097,28385.05
50.0,2.0,270.65,-2.5,75.94,0.0759,0.000749,0.000978,329.7982,659.5965,2374.5473,487.17,214.02,594.21,0.5942,0.005864,212.64,0.2126,1.704e-05,0.017428097,37846.73
50.0,2.5,270.65,-2.5,75.94,0.0759,0.000749,0.000978,329.7982,824.4956,2968.1841,608.9625,335.8125,1297.55,1.2976,0.012806,332.25,0.3322,1.704e-05,0.017428097,47308.41
50.0,3.0,270.65,-2.5,75.94,0.0759,0.000749,0.000978,329.7982,989.3947,3561.8209,757.82,484.67,2789.58,2.7896,0.027531,478.44,0.4784,1.704e-05,0.017428097,56770.09
50.0,4.0,270.65,-2.5,75.94,0.0759,0.000749,0.000978,329.7982,1319.1929,4749.0945,1136.73,863.58,11530.78,11.5308,0.1138,850.56,0.8506,1.704e-05,0.017428097,75693.46
50.0,5.0,270.65,-2.5,75.94,0.0759,0.000749,0.000978,329.7982,1648.9912,5936.3682,1623.9,1350.75,40180.52,40.1805,0.396551,1329.0,1.329,1.704e-05,0.017428097,94616.82
50.0,6.0,270.65,-2.5,75.94,0.0759,0.000749,0.000978,329.7982,1978.7894,7123.6418,2219.33,1946.18,119904.28,119.9043,1.183363,1913.76,1.9138,1.704e-05,0.017428097,113540.19
50.0,8.0,270.65,-2.5,75.94,0.0759,0.000749,0.000978,329.7982,2638.3858,9498.1891,3734.97,3461.82,741417.77,741.4178,7.317224,3402.23,3.4022,1.704e-05,0.017428097,151386.92
50.0,10.0,270.65,-2.5,75.94,0.0759,0.000749,0.000978,329.7982,3297.9823,11872.7363,5683.65,5410.5,3222951.11,3222.9511,31.808054,5315.99,5.316,1.704e-05,0.017428097,189233.64
